{
  "CharRNN": {
    "n_generated": 1000,
    "n_valid": 785,
    "n_unique": 785,
    "n_novel": 785,
    "validity": 0.785,
    "uniqueness": 1.0,
    "novelty": 1.0,
    "int_div_1": 0.8630702592063622,
    "int_div_2": 0.8549967124394655,
    "fcd": 15.452111759345703,
    "fcd_proxy": 0.5671405826627671,
    "scaffold_diversity": 0.8178343949044586,
    "mw_mean": 326.62925350318477,
    "mw_std": 64.64677074881926,
    "logp_mean": 2.504078165605097,
    "logp_std": 0.0,
    "qed_mean": 0.7461311284371386,
    "train_time_s": 571.414143083035,
    "gen_time_s": 4.38842129195109,
    "train_info": {
      "epochs": 15,
      "final_loss": 0.6476371848583221,
      "loss_history": [
        1.5469427299499512,
        0.9706577237447103,
        0.8688643980026245,
        0.8133076115449269,
        0.7769640159606933,
        0.7516851127147675,
        0.7318683723608653,
        0.7157734449704488,
        0.7022836995124817,
        0.6908858025074005,
        0.6795666015148163,
        0.670441734790802,
        0.6618504027525584,
        0.6528756753603617,
        0.6476371848583221
      ]
    }
  },
  "Fragment Recombination": {
    "n_generated": 1000,
    "n_valid": 1000,
    "n_unique": 979,
    "n_novel": 979,
    "validity": 1.0,
    "uniqueness": 0.979,
    "novelty": 1.0,
    "int_div_1": 0.9140340123730544,
    "int_div_2": 0.9045625225807803,
    "fcd": 21.189466085042397,
    "fcd_proxy": 1.4555484737766957,
    "scaffold_diversity": 0.874361593462717,
    "mw_mean": 373.5479336057202,
    "mw_std": 167.34268200682294,
    "logp_mean": 2.6617515832482144,
    "logp_std": 0.0,
    "qed_mean": 0.5648517470630445,
    "fit_time_s": 11.232435375044588,
    "gen_time_s": 473.8585396669805
  },
  "SMILES Augmentation": {
    "n_generated": 1000,
    "n_valid": 1000,
    "n_unique": 941,
    "n_novel": 0,
    "validity": 1.0,
    "uniqueness": 0.941,
    "novelty": 0.0,
    "int_div_1": 0.880205816193139,
    "int_div_2": 0.8724194438865996,
    "fcd": 11.124030262004739,
    "fcd_proxy": 0.18693428521721214,
    "scaffold_diversity": 0.8777895855472901,
    "mw_mean": 330.4152008501595,
    "mw_std": 62.67051095702261,
    "logp_mean": 2.400594133900108,
    "logp_std": 0.0,
    "qed_mean": 0.7338463214725972,
    "fit_time_s": 0.5296012500184588,
    "gen_time_s": 0.0528552089817822
  },
  "Train Resample": {
    "n_generated": 1000,
    "n_valid": 1000,
    "n_unique": 947,
    "n_novel": 0,
    "validity": 1.0,
    "uniqueness": 0.947,
    "novelty": 0.0,
    "int_div_1": 0.8801907245465554,
    "int_div_2": 0.8727013842465732,
    "fcd": 11.095761216987452,
    "fcd_proxy": 0.1797225196540797,
    "scaffold_diversity": 0.9039070749736009,
    "mw_mean": 334.61507180570226,
    "mw_std": 61.36617805013276,
    "logp_mean": 2.4360872333685335,
    "logp_std": 0.0,
    "qed_mean": 0.7272835862891647
  }
}