{
  "csca_retrieval": {
    "random": {
      "R@1": 0.0,
      "R@5": 0.1,
      "R@10": 0.3
    },
    "pca": {
      "R@1": 0.0,
      "R@5": 0.2,
      "R@10": 0.5
    },
    "autoencoder": {
      "R@1": 0.0,
      "R@5": 0.0,
      "R@10": 0.45
    },
    "csca_ours": {
      "R@1": 0.75,
      "R@5": 1.0,
      "R@10": 1.0
    },
    "csca_epochs": 120,
    "csca_loss": 0.058290353044867516
  },
  "flow_generation": {
    "random": {
      "validity": 1.0,
      "uniqueness": 1.0,
      "novelty": 1.0,
      "MMD": 1.9652847051620483,
      "NN_similarity": 0.09968231618404388
    },
    "gaussian": {
      "validity": 1.0,
      "uniqueness": 1.0,
      "novelty": 1.0,
      "MMD": 0.7511449456214905,
      "NN_similarity": 0.45891958475112915
    },
    "vae": {
      "validity": 1.0,
      "uniqueness": 0.6,
      "novelty": 1.0,
      "MMD": 1.144484043121338,
      "NN_similarity": 0.6199053525924683
    },
    "flow_ours": {
      "validity": 1.0,
      "uniqueness": 1.0,
      "novelty": 1.0,
      "MMD": 0.7614747285842896,
      "NN_similarity": 0.5693951845169067
    },
    "fm_epochs": 100,
    "fm_loss": 1.154790496826172
  },
  "pareto_mcts": {
    "random": {
      "front_size": 8,
      "hypervolume": 0.0
    },
    "greedy": {
      "front_size": 7,
      "hypervolume": 0.0
    },
    "mcts_ours": {
      "front_size": 21,
      "hypervolume": 0.0,
      "time_s": 1.5257357499795035
    }
  },
  "calibration": {
    "uncalibrated": {
      "ece": 0.31598445245406304,
      "brier": 0.3565997814571643
    },
    "temperature": {
      "ece": 0.08511594600100432,
      "brier": 0.2552888530387888,
      "T": 4.899999999999999
    },
    "isotonic_ours": {
      "ece": 0.10453986498814087,
      "brier": 0.2598273684437932
    },
    "platt_ours": {
      "ece": 0.03170352788746966,
      "brier": 0.25068693447964685
    }
  }
}